{
  "train_loss": [
    0.6898720860481262,
    0.6574703454971313,
    0.6082981824874878,
    0.5655613541603088,
    0.49569106101989746,
    0.46452778577804565,
    0.36753493547439575,
    0.30896276235580444,
    0.2569010555744171,
    0.1935056746006012
  ],
  "train_accuracy": [
    0.5,
    0.5,
    0.625,
    1.0,
    1.0,
    1.0,
    1.0,
    1.0,
    1.0,
    1.0
  ],
  "val_loss": [
    0.6819323301315308,
    0.6558457016944885,
    0.6285074353218079,
    0.5953569412231445,
    0.5544023513793945,
    0.5103539228439331,
    0.4639635384082794,
    0.41319799423217773,
    0.36218976974487305,
    0.31486836075782776
  ],
  "val_accuracy": [
    0.5,
    0.5,
    0.5,
    0.75,
    1.0,
    1.0,
    1.0,
    1.0,
    1.0,
    1.0
  ],
  "val_f1": [
    0.0,
    0.0,
    0.0,
    0.6666666666666666,
    1.0,
    1.0,
    1.0,
    1.0,
    1.0,
    1.0
  ]
}